"supplier_dim_id","bk_supplier_id","name","phone_number","address"
1,1,AutoParts Inc.,+1234567890,"123 Main Street"
2,2,CarTech Solutions,+1987654321,"456 Elm Street"
3,3,DriveTech Components,+1122334455,"789 Oak Street"
4,4,Speedy Parts Supply,+1555666777,"321 Pine Street"
5,5,Gearhead Enterprises,+1444333222,"987 Maple Street"
6,6,AutoAccessories Direct,+1789456123,"654 Birch Street"
7,7,Mechanicâ€™s Choice Parts,+1888777666,"101 Cedar Street"
8,8,DriveTrain Depot,+1999888777,"202 Spruce Street"
9,9,CarCraft Components,+1223344556,"303 Walnut Street"
10,10,ProParts Warehouse,+1333455667,"404 Chestnut Street"
11,11,SpeedTech Supplies,+1777888999,"505 Sycamore Street"
12,12,AutoGear Emporium,+1555433221,"606 Poplar Street"
13,13,AutoTech Accessories,+1999444666,"707 Pineapple Street"
14,14,TransMission Masters,+1666777888,"808 Orange Street"
15,15,RoadRunner Parts,+1888999777,"909 Lemon Street"
16,16,DriveSafe Distributors,+1222333111,"1001 Grape Street"
17,17,AutoZone Wholesale,+1888777555,"1111 Cherry Street"
18,18,GearUp Motors,+1999888222,"1212 Peach Street"
19,19,CarCare Central,+1777888111,"1313 Plum Street"
20,20,SpeedyWheel Enterprises,+1555666999,"1414 Olive Street"
21,21,AutoArmor Supplies,+1444222111,"1515 Mango Street"
22,22,ProMech Parts,+1222111222,"1616 Banana Street"
23,23,DriveLine Direct,+1999777444,"1717 Apple Street"
24,24,AutoSolutions Inc.,+1888222333,"1818 Watermelon Street"
25,25,TransTech Distributors,+1777555444,"1919 Kiwi Street"
26,26,CarPart Pros,+1555999888,"2020 Raspberry Street"
27,27,GearMaster Solutions,+1444666999,"2121 Blueberry Street"
28,28,SpeedyFix Parts,+1222444111,"2222 Blackberry Street"
29,29,AutoWorks Warehouse,+1999666222,"2323 Strawberry Street"
30,30,DriveRight Distributors,+1888111333,"2424 Cranberry Street"
31,31,CarZone Wholesale,+1777222333,"2525 Gooseberry Street"
32,32,ProDrive Parts,+1555333888,"2626 Cranberry Street"
33,33,TransPart Express,+1444777222,"2727 Watermelon Street"
34,34,SpeedyShift Enterprises,+1222888111,"2828 Kiwi Street"
35,35,AutoMax Supplies,+1999555777,"2929 Pineapple Street"
36,36,GearTech Direct,+1888666111,"3030 Banana Street"
37,37,CarCraft Components,+1777333444,"3131 Raspberry Street"
38,38,DriveTrain Depot,+1555222777,"3232 Blueberry Street"
39,39,AutoZone Wholesale,+1444888666,"3333 Blackberry Street"
40,40,TransMission Masters,+1222999555,"3434 Strawberry Street"
41,41,RoadRunner Parts,+1999222111,"3535 Cranberry Street"
42,42,DriveSafe Distributors,+1888000444,"3636 Gooseberry Street"
43,43,AutoArmor Supplies,+1777111777,"3737 Mango Street"
44,44,ProMech Parts,+1555888222,"3838 Grape Street"
45,45,DriveLine Direct,+1444555777,"3939 Lemon Street"
46,46,AutoSolutions Inc.,+1222333444,"4040 Watermelon Street"
47,47,TransTech Distributors,+1999111222,"4141 Kiwi Street"
48,48,CarPart Pros,+1888888333,"4242 Pineapple Street"
49,49,GearMaster Solutions,+1777999444,"4343 Banana Street"
50,50,SpeedyFix Parts,+1555777777,"4444 Raspberry Street"
51,51,AutoWorks Warehouse,+1444666888,"4545 Blueberry Street"
52,52,DriveRight Distributors,+1222444999,"4646 Blackberry Street"
53,53,CarZone Wholesale,+1999333222,"4747 Strawberry Street"
54,54,ProDrive Parts,+1888111666,"4848 Cranberry Street"
55,55,TransPart Express,+1777000999,"4949 Gooseberry Street"
56,56,SpeedyShift Enterprises,+1555888555,"5050 Mango Street"
57,57,AutoMax Supplies,+1444222666,"5151 Grape Street"
58,58,GearTech Direct,+1222111555,"5252 Lemon Street"
59,59,CarCraft Components,+1999999888,"5353 Watermelon Street"
60,60,DriveTrain Depot,+1888777555,"5454 Kiwi Street"
61,61,AutoZone Wholesale,+1777666222,"5555 Pineapple Street"
62,62,TransMission Masters,+1555555333,"5656 Raspberry Street"
63,63,RoadRunner Parts,+1444444222,"5757 Blueberry Street"
64,64,DriveSafe Distributors,+1222333111,"5858 Blackberry Street"
65,65,AutoArmor Supplies,+1999222888,"5959 Strawberry Street"
66,66,ProMech Parts,+1888000555,"6060 Cranberry Street"
67,67,DriveLine Direct,+1777888222,"6161 Gooseberry Street"
68,68,AutoSolutions Inc.,+1555666999,"6262 Mango Street"
69,69,TransTech Distributors,+1444555777,"6363 Grape Street"
70,70,CarPart Pros,+1222444888,"6464 Lemon Street"
71,71,GearMaster Solutions,+1999111222,"6565 Watermelon Street"
72,72,SpeedyFix Parts,+1888888333,"6666 Kiwi Street"
73,73,AutoWorks Warehouse,+1777777444,"6767 Pineapple Street"
74,74,DriveRight Distributors,+1555888222,"6868 Raspberry Street"
75,75,CarZone Wholesale,+1444777111,"6969 Blueberry Street"
76,76,ProDrive Parts,+1222333444,"7070 Blackberry Street"
77,77,TransPart Express,+1999222999,"7171 Strawberry Street"
78,78,SpeedyShift Enterprises,+1888111999,"7272 Cranberry Street"
79,79,AutoMax Supplies,+1777000999,"7373 Gooseberry Street"
80,80,GearTech Direct,+1555999888,"7474 Mango Street"
81,81,CarCraft Components,+1444888777,"7575 Grape Street"
82,82,DriveTrain Depot,+1222777666,"7676 Lemon Street"
83,83,AutoZone Wholesale,+1999666555,"7777 Watermelon Street"
84,84,TransMission Masters,+1888555444,"7878 Kiwi Street"
85,85,RoadRunner Parts,+1777444333,"7979 Pineapple Street"
86,86,DriveSafe Distributors,+1555333222,"8080 Raspberry Street"
87,87,AutoArmor Supplies,+1444222111,"8181 Blueberry Street"
88,88,ProMech Parts,+1222111000,"8282 Blackberry Street"
89,89,DriveLine Direct,+1999999888,"8383 Strawberry Street"
90,90,AutoSolutions Inc.,+1888888777,"8484 Cranberry Street"
91,91,TransTech Distributors,+1777777666,"8585 Gooseberry Street"
92,92,CarPart Pros,+1555666555,"8686 Mango Street"
93,93,GearMaster Solutions,+1444555444,"8787 Grape Street"
94,94,SpeedyFix Parts,+1222444333,"8888 Lemon Street"
95,95,AutoWorks Warehouse,+1999333222,"8989 Watermelon Street"
96,96,DriveRight Distributors,+1888222111,"9090 Kiwi Street"
97,97,CarZone Wholesale,+1777111000,"9191 Pineapple Street"
98,98,ProDrive Parts,+1555999888,"9292 Raspberry Street"
99,99,TransPart Express,+1444888777,"9393 Blueberry Street"
100,100,SpeedyShift Enterprises,+1222777666,"9494 Blackberry Street"
101,101,AutoMax Supplies,+1999666555,"9595 Strawberry Street"
102,102,GearTech Direct,+1888555444,"9696 Cranberry Street"
103,103,CarCraft Components,+1777444333,"9797 Gooseberry Street"
104,104,DriveTrain Depot,+1555333222,"9898 Mango Street"
105,105,AutoZone Wholesale,+1444222111,"9999 Grape Street"
106,106,TransMission Masters,+1222111000,"10101 Lemon Street"
107,107,RoadRunner Parts,+1999999888,"10202 Watermelon Street"
108,108,DriveSafe Distributors,+1888888777,"10303 Kiwi Street"
109,109,AutoArmor Supplies,+1777777666,"10404 Pineapple Street"
110,110,ProMech Parts,+1555666555,"10505 Raspberry Street"
111,111,DriveLine Direct,+1444555444,"10606 Blueberry Street"
112,112,AutoSolutions Inc.,+1222444333,"10707 Blackberry Street"
113,113,TransTech Distributors,+1999333222,"10808 Strawberry Street"
114,114,CarPart Pros,+1888222111,"10909 Cranberry Street"
115,115,GearMaster Solutions,+1777111000,"11010 Gooseberry Street"
116,116,SpeedyFix Parts,+1555999888,"11111 Mango Street"
117,117,AutoWorks Warehouse,+1444888777,"11212 Grape Street"
118,118,DriveRight Distributors,+1222777666,"11313 Lemon Street"
119,119,CarZone Wholesale,+1999666555,"11414 Watermelon Street"
120,120,ProDrive Parts,+1888555444,"11515 Kiwi Street"
121,121,TransPart Express,+1777444333,"11616 Pineapple Street"
122,122,SpeedyShift Enterprises,+1555333222,"11717 Raspberry Street"
123,123,AutoMax Supplies,+1444222111,"11818 Blueberry Street"
124,124,GearTech Direct,+1222111000,"11919 Blackberry Street"
125,125,CarCraft Components,+1999999888,"12020 Strawberry Street"
126,126,DriveTrain Depot,+1888888777,"12121 Cranberry Street"
127,127,AutoZone Wholesale,+1777777666,"12222 Gooseberry Street"
128,128,TransMission Masters,+1555666555,"12323 Mango Street"
129,129,RoadRunner Parts,+1444555444,"12424 Grape Street"
130,130,DriveSafe Distributors,+1222444333,"12525 Lemon Street"
131,131,AutoArmor Supplies,+1999333222,"12626 Watermelon Street"
132,132,ProMech Parts,+1888222111,"12727 Kiwi Street"
133,133,DriveLine Direct,+1777111000,"12828 Pineapple Street"
134,134,AutoSolutions Inc.,+1555999888,"12929 Raspberry Street"
135,135,TransTech Distributors,+1444888777,"13030 Blueberry Street"
136,136,CarPart Pros,+1222777666,"13131 Blackberry Street"
137,137,GearMaster Solutions,+1999666555,"13232 Strawberry Street"
138,138,SpeedyFix Parts,+1888555444,"13333 Cranberry Street"
139,139,AutoWorks Warehouse,+1777444333,"13434 Gooseberry Street"
140,140,DriveRight Distributors,+1555333222,"13535 Mango Street"
141,141,CarZone Wholesale,+1444222111,"13636 Grape Street"
142,142,ProDrive Parts,+1222111000,"13737 Lemon Street"
143,143,TransPart Express,+1999999888,"13838 Watermelon Street"
144,144,SpeedyShift Enterprises,+1888888777,"13939 Kiwi Street"
145,145,AutoMax Supplies,+1777777666,"14040 Pineapple Street"
146,146,GearTech Direct,+1555666555,"14141 Raspberry Street"
147,147,CarCraft Components,+1444555444,"14242 Blueberry Street"
148,148,DriveTrain Depot,+1222444333,"14343 Blackberry Street"
149,149,AutoZone Wholesale,+1999333222,"14444 Strawberry Street"
150,150,TransMission Masters,+1888222111,"14545 Cranberry Street"
151,151,RoadRunner Parts,+1777111000,"14646 Gooseberry Street"
152,152,DriveSafe Distributors,+1555999888,"14747 Mango Street"
153,153,AutoArmor Supplies,+1444888777,"14848 Grape Street"
154,154,ProMech Parts,+1222777666,"14949 Lemon Street"
155,155,DriveLine Direct,+1999666555,"15050 Watermelon Street"
156,156,AutoSolutions Inc.,+1888555444,"15151 Kiwi Street"
157,157,TransTech Distributors,+1777444333,"15252 Pineapple Street"
158,158,CarPart Pros,+1555333222,"15353 Raspberry Street"
159,159,GearMaster Solutions,+1444222111,"15454 Blueberry Street"
160,160,SpeedyFix Parts,+1222111000,"15555 Blackberry Street"
161,161,AutoWorks Warehouse,+1999999888,"15656 Strawberry Street"
162,162,DriveRight Distributors,+1888888777,"15757 Cranberry Street"
163,163,CarZone Wholesale,+1777777666,"15858 Gooseberry Street"
164,164,ProDrive Parts,+1555666555,"15959 Mango Street"
165,165,TransPart Express,+1444555444,"16060 Grape Street"
166,166,SpeedyShift Enterprises,+1222444333,"16161 Lemon Street"
167,167,AutoMax Supplies,+1999333222,"16262 Watermelon Street"
168,168,GearTech Direct,+1888222111,"16363 Kiwi Street"
169,169,CarCraft Components,+1777111000,"16464 Pineapple Street"
170,170,AutoWheel Distributors,+1555444777,"258 Peach Street"
171,171,TechPro Parts,+1777666222,"369 Plum Street"
172,172,PartsWorld Inc.,+1888555111,"951 Strawberry Street"
173,173,AutoSpeed Solutions,+1666444333,"258 Blueberry Street"
174,174,GearMaster Enterprises,+1444222111,"741 Raspberry Street"
175,175,DriveWise Supplies,+1222111000,"369 Blackberry Street"
176,176,SpeedyGear Inc.,+1999333444,"852 Cranberry Street"
177,177,AutoSpark Distributors,+1333111222,"741 Gooseberry Street"
178,178,TechWheel Solutions,+1555222888,"258 Goose Street"
179,179,PartsRUs LLC,+1777555333,"369 Rose Street"
180,180,AutoDrive Components,+1888444777,"951 Tulip Street"
181,181,GearUp Parts,+1666888555,"258 Daisy Street"
182,182,DriveTech Inc.,+1444777222,"741 Sunflower Street"
183,183,SpeedyDrive Enterprises,+1222666111,"369 Lily Street"
184,184,AutoMasters Inc.,+1999999444,"852 Iris Street"
185,185,TechGear Solutions,+1333888777,"741 Violet Street"
186,186,PartsPro Distributors,+1555999666,"258 Orchid Street"
187,187,AutoPrecision Inc.,+1777999888,"369 Magnolia Street"
188,188,GearNation Parts,+1888111222,"951 Rosemary Street"
189,189,DriveSpeed Solutions,+1666222333,"258 Lavender Street"
190,190,SpeedyTech Enterprises,+1444333666,"741 Jasmine Street"
191,191,AutoDrive Distributors,+1222444777,"369 Marigold Street"
192,192,TechDirect Parts,+1999222111,"852 Daffodil Street"
193,193,PartsMaster Inc.,+1333111444,"741 Daisy Street"
194,194,AutoNation Solutions,+1555333888,"258 Hyacinth Street"
195,195,GearUp Inc.,+1777444666,"369 Peony Street"
196,196,DrivePrecision Enterprises,+1888333222,"951 Lily of the Valley Street"
197,197,SpeedyParts Distributors,+1666111999,"258 Tulip Street"
198,198,AutoGear Solutions,+1444999888,"741 Iris Street"
199,199,TechDrive Inc.,+1222888777,"369 Clover Street"
200,200,PartsSpeed Enterprises,+1999666555,"852 Dandelion Street"
201,201,AutoTech Parts,+1333222666,"741 Buttercup Street"
202,202,GearPro Solutions,+1555444555,"258 Sunflower Street"
203,203,DriveDirect Inc.,+1777333444,"369 Pansy Street"
204,204,SpeedyTech Parts,+1888999222,"951 Rose Street"
205,205,AutoParts Distributors,+1666777999,"258 Columbine Street"
206,206,TechNation Solutions,+1444333222,"741 Lilac Street"
207,207,PartsUp Inc.,+1222999888,"369 Bluebell Street"
208,208,AutoSpeed Inc.,+1999000666,"852 Bellflower Street"
209,209,GearDrive Solutions,+1333111888,"741 Honeysuckle Street"
210,210,DriveParts Distributors,+1555666999,"258 Magnolia Street"
211,211,SpeedyGear Parts,+1777888999,"369 Azalea Street"
212,212,AutoMasters Solutions,+1888111666,"951 Orchid Street"
213,213,TechPrecision Inc.,+1666444222,"258 Peony Street"
214,214,PartsSpeed Enterprises,+1444222999,"741 Iris Street"
215,215,AutoTech Parts,+1222333888,"369 Lily of the Valley Street"
216,216,GearPro Solutions,+1999333222,"852 Tulip Street"
217,217,DriveDirect Inc.,+1333222555,"741 Violet Street"
218,218,SpeedyTech Parts,+1555111999,"258 Lavender Street"
219,219,AutoParts Distributors,+1777222666,"369 Jasmine Street"
220,220,TechNation Solutions,+1888999888,"951 Marigold Street"
221,221,PartsUp Inc.,+1666777888,"258 Magnolia Street"
222,222,AutoSpeed Inc.,+1444555222,"741 Rosemary Street"
223,223,GearDrive Solutions,+1222999333,"369 Tulip Street"
224,224,DriveParts Distributors,+1999000888,"852 Rose Street"
225,225,SpeedyGear Parts,+1333111777,"741 Tulip Street"
226,226,AutoMasters Solutions,+1555666000,"258 Daisy Street"
227,227,TechPrecision Inc.,+1777777999,"369 Sunflower Street"
228,228,PartsSpeed Enterprises,+1888444333,"951 Lily Street"
229,229,AutoTech Parts,+1666333222,"258 Orchid Street"
230,230,GearPro Solutions,+1444111000,"741 Rose Street"
231,231,DriveDirect Inc.,+1222888000,"369 Rosemary Street"
232,232,SpeedyTech Parts,+1999222999,"852 Tulip Street"
233,233,AutoParts Distributors,+1333000111,"741 Marigold Street"
234,234,TechNation Solutions,+1555888000,"258 Tulip Street"
235,235,PartsUp Inc.,+1777666111,"369 Rose Street"
236,236,AutoSpeed Inc.,+1888333444,"951 Tulip Street"
237,237,GearDrive Solutions,+1666999222,"258 Marigold Street"
238,238,DriveParts Distributors,+1444888333,"741 Jasmine Street"
239,239,SpeedyGear Parts,+1222777444,"369 Sunflower Street"
240,240,AutoMasters Solutions,+1999555111,"852 Lilac Street"
241,241,TechPrecision Inc.,+1333222888,"741 Iris Street"
242,242,PartsSpeed Enterprises,+1555999444,"258 Daffodil Street"
243,243,AutoTech Parts,+1777444777,"369 Daisy Street"
244,244,GearPro Solutions,+1888333888,"951 Hyacinth Street"
245,245,DriveDirect Inc.,+1666888111,"258 Gooseberry Street"
246,246,SpeedyTech Parts,+1444777222,"741 Cranberry Street"
247,247,AutoParts Distributors,+1222444888,"369 Raspberry Street"
248,248,TechNation Solutions,+1999111222,"852 Blueberry Street"
249,249,PartsUp Inc.,+1333000333,"741 Blackberry Street"
250,250,AutoSpeed Inc.,+1555888222,"258 Strawberry Street"
251,251,GearDrive Solutions,+1777666222,"369 Raspberry Street"
252,252,DriveParts Distributors,+1888444666,"951 Cranberry Street"
253,253,SpeedyGear Parts,+1666999888,"258 Gooseberry Street"
254,254,AutoMasters Solutions,+1444888555,"369 Mango Street"
255,255,TechPrecision Inc.,+1222777111,"852 Grape Street"
256,256,PartsSpeed Enterprises,+1999555222,"741 Lemon Street"
257,257,AutoTech Parts,+1333222999,"258 Watermelon Street"
258,258,GearPro Solutions,+1555999111,"369 Kiwi Street"
259,259,DriveDirect Inc.,+1777444888,"852 Pineapple Street"
260,260,SpeedyTech Parts,+1888333222,"741 Raspberry Street"
261,261,AutoParts Distributors,+1666888222,"369 Strawberry Street"
262,262,TechNation Solutions,+1444777555,"852 Blueberry Street"
263,263,PartsUp Inc.,+1222444111,"741 Blackberry Street"
264,264,AutoSpeed Inc.,+1999111333,"369 Raspberry Street"
265,265,GearDrive Solutions,+1555888333,"852 Gooseberry Street"
266,266,DriveParts Distributors,+1333000555,"741 Mango Street"
267,267,SpeedyGear Parts,+1222777222,"369 Grape Street"
268,268,AutoMasters Solutions,+1999555333,"852 Lemon Street"
269,269,TechPrecision Inc.,+1777444000,"741 Watermelon Street"
270,270,PartsSpeed Enterprises,+1666888111,"369 Kiwi Street"
271,271,AutoTech Parts,+1444888222,"852 Pineapple Street"
272,272,GearPro Solutions,+1222333000,"741 Raspberry Street"
273,273,DriveDirect Inc.,+1999222777,"369 Strawberry Street"
274,274,SpeedyTech Parts,+1777333888,"852 Blueberry Street"
275,275,AutoParts Distributors,+1555777000,"741 Blackberry Street"
276,276,TechNation Solutions,+1333111111,"369 Raspberry Street"
277,277,PartsUp Inc.,+1222999666,"852 Gooseberry Street"
278,278,AutoSpeed Inc.,+1999000444,"741 Mango Street"
279,279,GearDrive Solutions,+1777888333,"369 Grape Street"
280,280,DriveParts Distributors,+1555666333,"852 Lemon Street"
281,281,SpeedyGear Parts,+1444555222,"741 Watermelon Street"
282,282,AutoMasters Solutions,+1333444000,"369 Kiwi Street"
283,283,TechPrecision Inc.,+1222888000,"852 Pineapple Street"
284,284,PartsSpeed Enterprises,+1999111999,"741 Raspberry Street"
285,285,AutoTech Parts,+1888999888,"369 Strawberry Street"
286,286,GearPro Solutions,+1777555111,"852 Blueberry Street"
287,287,DriveDirect Inc.,+1555444666,"741 Blackberry Street"
288,288,SpeedyTech Parts,+1333222444,"369 Raspberry Street"
289,289,AutoParts Distributors,+1222111333,"852 Gooseberry Street"
290,290,TechNation Solutions,+1999222333,"741 Mango Street"
291,291,PartsUp Inc.,+1777333444,"369 Grape Street"
292,292,AutoSpeed Inc.,+1555999111,"852 Lemon Street"
293,293,GearDrive Solutions,+1444888666,"741 Watermelon Street"
294,294,DriveParts Distributors,+1333111000,"369 Kiwi Street"
295,295,SpeedyGear Parts,+1222999888,"852 Pineapple Street"
296,296,AutoMasters Solutions,+1999000111,"741 Raspberry Street"
297,297,TechPrecision Inc.,+1888444111,"369 Strawberry Street"
298,298,PartsSpeed Enterprises,+1777999333,"852 Blueberry Street"
299,299,AutoTech Parts,+1666888222,"741 Blackberry Street"
300,300,GearPro Solutions,+1555666111,"369 Raspberry Street"
301,301,DriveDirect Inc.,+1444555888,"852 Gooseberry Street"
302,302,SpeedyTech Parts,+1333444000,"741 Mango Street"
303,303,AutoParts Distributors,+1222333888,"369 Grape Street"
304,304,TechNation Solutions,+1999111222,"852 Lemon Street"
305,305,PartsUp Inc.,+1888999444,"741 Watermelon Street"
306,306,AutoSpeed Inc.,+1777333666,"369 Kiwi Street"
307,307,GearDrive Solutions,+1666999555,"852 Pineapple Street"
308,308,DriveParts Distributors,+1555888333,"741 Raspberry Street"
309,309,SpeedyGear Parts,+1444777444,"369 Strawberry Street"
310,310,AutoMasters Solutions,+1333111444,"852 Blueberry Street"
311,311,TechPrecision Inc.,+1222999222,"741 Blackberry Street"
312,312,PartsSpeed Enterprises,+1999000777,"369 Raspberry Street"
313,313,AutoTech Parts,+1777999666,"852 Gooseberry Street"
314,314,GearPro Solutions,+1666888555,"741 Mango Street"
315,315,DriveDirect Inc.,+1555666333,"369 Grape Street"
316,316,SpeedyTech Parts,+1444555000,"852 Lemon Street"
317,317,AutoParts Distributors,+1333444222,"741 Watermelon Street"
318,318,TechNation Solutions,+1222333999,"369 Kiwi Street"
319,319,DriveParts Distributors,+1666999222,"852 Blueberry Street"
320,320,SpeedyGear Parts,+1555888000,"741 Blackberry Street"
321,321,AutoMasters Solutions,+1444777666,"369 Raspberry Street"
322,322,TechPrecision Inc.,+1333111666,"852 Gooseberry Street"
323,323,PartsSpeed Enterprises,+1222999555,"741 Mango Street"
324,324,AutoTech Parts,+1999000000,"369 Grape Street"
325,325,GearPro Solutions,+1777999888,"852 Lemon Street"
326,326,DriveDirect Inc.,+1666888333,"741 Watermelon Street"
327,327,SpeedyTech Parts,+1555666111,"369 Kiwi Street"
328,328,AutoParts Distributors,+1444555888,"852 Pineapple Street"
329,329,TechNation Solutions,+1333444111,"741 Raspberry Street"
330,330,PartsUp Inc.,+1222333666,"369 Strawberry Street"
331,331,AutoSpeed Inc.,+1999111555,"852 Blueberry Street"
332,332,GearDrive Solutions,+1888999222,"741 Blackberry Street"
333,333,DriveParts Distributors,+1777333000,"369 Raspberry Street"
334,334,SpeedyGear Parts,+1666999333,"852 Gooseberry Street"
335,335,AutoMasters Solutions,+1555888222,"741 Mango Street"
336,336,TechPrecision Inc.,+1444777000,"369 Grape Street"
337,337,PartsSpeed Enterprises,+1333111333,"852 Lemon Street"
338,338,AutoTech Parts,+1222999888,"741 Watermelon Street"
339,339,GearPro Solutions,+1999000222,"369 Kiwi Street"
340,340,DriveDirect Inc.,+1777999555,"852 Pineapple Street"
341,341,SpeedyTech Parts,+1666888444,"741 Raspberry Street"
342,342,AutoParts Distributors,+1555666222,"369 Strawberry Street"
343,343,TechNation Solutions,+1444555111,"852 Blueberry Street"
344,344,PartsUp Inc.,+1333444888,"741 Blackberry Street"
345,345,AutoSpeed Inc.,+1222333222,"369 Raspberry Street"
346,346,GearDrive Solutions,+1999111666,"852 Gooseberry Street"
347,347,DriveParts Distributors,+1888999444,"741 Mango Street"
348,348,SpeedyGear Parts,+1777333777,"369 Grape Street"
349,349,AutoMasters Solutions,+1666999000,"852 Lemon Street"
350,350,TechPrecision Inc.,+1555888111,"741 Watermelon Street"
351,351,PartsSpeed Enterprises,+1444777888,"369 Kiwi Street"
352,352,AutoTech Parts,+1333111222,"852 Pineapple Street"
353,353,GearPro Solutions,+1222999555,"741 Raspberry Street"
354,354,DriveDirect Inc.,+1999000333,"369 Strawberry Street"
355,355,SpeedyTech Parts,+1777999111,"852 Blueberry Street"
356,356,AutoParts Distributors,+1666888666,"741 Blackberry Street"
357,357,TechNation Solutions,+1555666000,"369 Raspberry Street"
358,358,PartsUp Inc.,+1444555333,"852 Gooseberry Street"
359,359,AutoSpeed Inc.,+1333444111,"741 Mango Street"
360,360,GearDrive Solutions,+1222333777,"369 Grape Street"
361,361,DriveParts Distributors,+1999111000,"852 Lemon Street"
362,362,SpeedyGear Parts,+1888999888,"741 Watermelon Street"
